               epoch,      train/box_loss,      train/obj_loss,      train/cls_loss,   metrics/precision,      metrics/recall,     metrics/mAP_0.5,metrics/mAP_0.5:0.95,        val/box_loss,        val/obj_loss,        val/cls_loss,               x/lr0,               x/lr1,               x/lr2
                   0,             0.11591,            0.019907,                   0,            0.012308,            0.023077,           0.0012122,          0.00027599,            0.086388,            0.015752,                   0,           0.0015877,           0.0015877,             0.02678
                   1,            0.083197,             0.01985,                   0,            0.086794,             0.16923,            0.055292,            0.011213,            0.069217,            0.013853,                   0,           0.0031877,           0.0031877,             0.00338
                   2,            0.076109,             0.01689,                   0,             0.14016,             0.50656,             0.11779,            0.024026,            0.059582,            0.013941,                   0,           0.0031999,           0.0031999,           0.0031999
                   3,            0.058925,            0.018632,                   0,             0.29895,             0.22308,             0.10754,            0.019936,            0.060198,            0.013001,                   0,           0.0031995,           0.0031995,           0.0031995
                   4,            0.056604,            0.016851,                   0,             0.57073,             0.66154,             0.65436,             0.20183,            0.041127,            0.013264,                   0,           0.0031989,           0.0031989,           0.0031989
                   5,            0.045484,            0.015504,                   0,             0.77834,             0.89231,             0.87889,             0.35032,            0.037304,            0.011419,                   0,            0.003198,            0.003198,            0.003198
                   6,            0.044482,            0.014132,                   0,             0.47967,             0.66154,             0.62224,             0.16732,            0.037459,           0.0099687,                   0,           0.0031969,           0.0031969,           0.0031969
                   7,            0.038253,            0.013222,                   0,             0.59544,             0.90769,             0.63809,             0.35384,            0.034462,           0.0087984,                   0,           0.0031956,           0.0031956,           0.0031956
                   8,             0.03679,            0.011654,                   0,             0.77482,             0.89994,             0.88118,             0.45043,             0.02905,           0.0089437,                   0,            0.003194,            0.003194,            0.003194
                   9,             0.03561,            0.011037,                   0,             0.98383,             0.96923,             0.98612,             0.56651,            0.028356,           0.0080726,                   0,           0.0031922,           0.0031922,           0.0031922
                  10,               0.032,            0.011002,                   0,             0.86666,             0.90769,             0.92428,             0.39581,            0.034606,           0.0078831,                   0,           0.0031901,           0.0031901,           0.0031901
                  11,            0.030348,           0.0096729,                   0,             0.99212,             0.96898,             0.98399,             0.52543,              0.0259,           0.0077585,                   0,           0.0031878,           0.0031878,           0.0031878
                  12,            0.030295,           0.0092998,                   0,             0.87389,             0.92308,             0.95889,              0.4978,            0.027074,           0.0080854,                   0,           0.0031852,           0.0031852,           0.0031852
                  13,            0.027794,           0.0089799,                   0,             0.91166,             0.95262,             0.97468,             0.62424,            0.024106,           0.0077592,                   0,           0.0031824,           0.0031824,           0.0031824
                  14,            0.028339,           0.0089354,                   0,             0.96942,             0.97692,             0.98528,             0.61772,            0.023099,           0.0072549,                   0,           0.0031793,           0.0031793,           0.0031793
                  15,            0.028785,           0.0087769,                   0,             0.96946,              0.9767,             0.98402,             0.59103,             0.02177,           0.0073092,                   0,           0.0031761,           0.0031761,           0.0031761
                  16,             0.02544,           0.0084237,                   0,             0.98458,             0.98462,             0.99341,             0.65489,             0.01913,           0.0067334,                   0,           0.0031725,           0.0031725,           0.0031725
                  17,            0.024457,           0.0079428,                   0,             0.98459,             0.98462,             0.99278,             0.59465,            0.021179,           0.0066631,                   0,           0.0031687,           0.0031687,           0.0031687
                  18,            0.024475,           0.0076929,                   0,             0.99214,             0.98462,              0.9931,             0.67404,            0.019775,           0.0066577,                   0,           0.0031647,           0.0031647,           0.0031647
                  19,            0.023462,           0.0075725,                   0,             0.99997,             0.98462,             0.99327,             0.67296,            0.020196,           0.0066618,                   0,           0.0031605,           0.0031605,           0.0031605
                  20,            0.021919,           0.0076207,                   0,              0.9922,             0.98462,             0.99291,             0.64358,            0.019358,           0.0064238,                   0,            0.003156,            0.003156,            0.003156
                  21,            0.022377,             0.00738,                   0,             0.99216,             0.98462,             0.98893,             0.71944,            0.019563,           0.0062774,                   0,           0.0031513,           0.0031513,           0.0031513
                  22,            0.025501,           0.0076193,                   0,             0.99986,             0.98462,             0.99316,              0.6678,            0.018923,           0.0064863,                   0,           0.0031463,           0.0031463,           0.0031463
                  23,            0.024096,           0.0073357,                   0,             0.99209,             0.98462,             0.99309,               0.695,            0.017939,           0.0064601,                   0,           0.0031411,           0.0031411,           0.0031411
                  24,            0.024142,           0.0073538,                   0,             0.97709,             0.98434,             0.98858,             0.69992,            0.017311,           0.0063579,                   0,           0.0031357,           0.0031357,           0.0031357
                  25,            0.022383,            0.007151,                   0,             0.98398,             0.97692,             0.99256,             0.70076,            0.019077,           0.0064127,                   0,             0.00313,             0.00313,             0.00313
                  26,            0.021673,           0.0071076,                   0,             0.99224,             0.98462,             0.99462,             0.56172,            0.023678,           0.0061303,                   0,           0.0031241,           0.0031241,           0.0031241
                  27,            0.021861,           0.0069296,                   0,             0.99997,             0.98462,             0.99463,             0.70525,            0.018215,           0.0060406,                   0,           0.0031179,           0.0031179,           0.0031179
                  28,            0.021899,           0.0068478,                   0,             0.98449,             0.97675,             0.98836,              0.6909,            0.016396,           0.0064737,                   0,           0.0031116,           0.0031116,           0.0031116
                  29,            0.021496,           0.0068026,                   0,             0.99213,             0.98462,             0.98949,             0.73545,            0.018162,           0.0060718,                   0,            0.003105,            0.003105,            0.003105
                  30,            0.021175,           0.0068486,                   0,                   1,             0.96119,             0.99381,             0.70531,            0.017124,           0.0060803,                   0,           0.0030981,           0.0030981,           0.0030981
                  31,            0.021406,           0.0067784,                   0,             0.99983,             0.98462,             0.98818,             0.68959,            0.017924,           0.0058511,                   0,           0.0030911,           0.0030911,           0.0030911
                  32,            0.019092,           0.0064001,                   0,             0.99214,             0.98462,             0.99454,             0.67173,            0.018062,           0.0057785,                   0,           0.0030838,           0.0030838,           0.0030838
                  33,            0.019453,           0.0063155,                   0,             0.99225,             0.98449,              0.9947,             0.70671,             0.01721,           0.0057622,                   0,           0.0030763,           0.0030763,           0.0030763
                  34,            0.018403,           0.0061667,                   0,             0.99988,             0.98462,             0.99463,             0.69474,            0.016702,           0.0057325,                   0,           0.0030686,           0.0030686,           0.0030686
                  35,            0.018596,           0.0065252,                   0,                   1,             0.98453,             0.98948,             0.68118,            0.017601,           0.0059007,                   0,           0.0030606,           0.0030606,           0.0030606
                  36,            0.017076,           0.0059073,                   0,             0.99225,              0.9846,             0.98805,              0.6463,            0.019557,           0.0061646,                   0,           0.0030525,           0.0030525,           0.0030525
                  37,            0.019572,           0.0063122,                   0,                   1,             0.98449,             0.99477,             0.68577,            0.019066,           0.0057097,                   0,           0.0030441,           0.0030441,           0.0030441
                  38,            0.020178,           0.0062616,                   0,             0.96991,             0.99192,             0.99361,              0.6871,            0.016625,           0.0057855,                   0,           0.0030355,           0.0030355,           0.0030355
                  39,            0.019564,           0.0063786,                   0,             0.99216,             0.98462,             0.99425,             0.72905,            0.016123,           0.0056408,                   0,           0.0030266,           0.0030266,           0.0030266
                  40,            0.018265,            0.006322,                   0,             0.99216,             0.97692,             0.99324,             0.71697,            0.017582,           0.0059971,                   0,           0.0030176,           0.0030176,           0.0030176
                  41,            0.018606,           0.0059868,                   0,             0.99231,             0.99199,             0.99477,             0.68624,            0.018848,            0.005958,                   0,           0.0030083,           0.0030083,           0.0030083
                  42,            0.017826,           0.0061512,                   0,                   1,             0.99063,               0.995,             0.68196,            0.020148,            0.005862,                   0,           0.0029989,           0.0029989,           0.0029989
                  43,            0.019227,              0.0063,                   0,                   1,             0.98457,             0.99456,             0.76039,            0.015617,            0.005686,                   0,           0.0029892,           0.0029892,           0.0029892
                  44,            0.018373,           0.0061584,                   0,             0.97708,             0.98359,             0.99325,             0.65011,            0.020534,           0.0058671,                   0,           0.0029793,           0.0029793,           0.0029793
                  45,             0.01903,           0.0060789,                   0,             0.99212,             0.98462,              0.9893,             0.75381,            0.015377,           0.0055658,                   0,           0.0029692,           0.0029692,           0.0029692
                  46,            0.017039,           0.0062283,                   0,             0.97708,             0.98387,             0.98967,             0.75775,            0.014473,           0.0060284,                   0,           0.0029589,           0.0029589,           0.0029589
                  47,            0.017689,           0.0060414,                   0,                   1,              0.9841,             0.98879,             0.73797,            0.015403,           0.0059523,                   0,           0.0029484,           0.0029484,           0.0029484
                  48,             0.01754,           0.0060747,                   0,             0.99215,             0.98462,             0.98968,             0.72018,            0.016117,           0.0059196,                   0,           0.0029377,           0.0029377,           0.0029377
                  49,            0.015873,           0.0060186,                   0,             0.96956,             0.98462,             0.99302,             0.68568,            0.017226,           0.0060751,                   0,           0.0029268,           0.0029268,           0.0029268
                  50,            0.015971,           0.0057437,                   0,             0.99182,             0.98462,             0.99345,             0.69545,            0.017105,           0.0061548,                   0,           0.0029157,           0.0029157,           0.0029157
                  51,            0.018514,           0.0058735,                   0,                   1,             0.98446,             0.99415,             0.76024,            0.014925,           0.0057236,                   0,           0.0029044,           0.0029044,           0.0029044
                  52,            0.016855,           0.0060822,                   0,             0.99977,             0.98462,             0.99442,             0.72072,            0.017093,            0.005781,                   0,           0.0028929,           0.0028929,           0.0028929
                  53,            0.016448,            0.005667,                   0,                   1,             0.98456,             0.99442,             0.75324,            0.014948,           0.0058889,                   0,           0.0028812,           0.0028812,           0.0028812
                  54,            0.015867,           0.0059619,                   0,             0.95514,             0.98462,             0.99081,             0.74983,             0.01577,           0.0061269,                   0,           0.0028694,           0.0028694,           0.0028694
                  55,              0.0172,           0.0057437,                   0,                   1,              0.9844,             0.99449,             0.71969,            0.016331,           0.0054959,                   0,           0.0028573,           0.0028573,           0.0028573
                  56,            0.015204,           0.0055161,                   0,             0.99997,             0.98462,             0.99477,             0.74411,             0.01641,           0.0055178,                   0,            0.002845,            0.002845,            0.002845
                  57,            0.014601,           0.0058209,                   0,             0.98427,             0.98462,             0.99439,             0.73092,            0.017327,           0.0055432,                   0,           0.0028326,           0.0028326,           0.0028326
                  58,            0.014796,           0.0056985,                   0,             0.99947,             0.97692,             0.99455,             0.71065,            0.016349,           0.0056083,                   0,             0.00282,             0.00282,             0.00282
                  59,            0.016464,           0.0056532,                   0,                   1,             0.98389,             0.99477,             0.73865,            0.015117,           0.0053423,                   0,           0.0028072,           0.0028072,           0.0028072
                  60,            0.016029,           0.0058724,                   0,             0.98408,             0.98462,             0.99363,             0.72439,            0.016223,           0.0054339,                   0,           0.0027943,           0.0027943,           0.0027943
                  61,            0.017183,           0.0058053,                   0,             0.99217,             0.98462,             0.99448,             0.74126,             0.01504,           0.0052677,                   0,           0.0027811,           0.0027811,           0.0027811
                  62,            0.016813,           0.0055882,                   0,             0.99996,             0.97692,             0.99441,             0.74263,            0.015072,           0.0052615,                   0,           0.0027678,           0.0027678,           0.0027678
                  63,            0.016631,           0.0056321,                   0,             0.98461,             0.98446,             0.99384,             0.76724,            0.014767,            0.005276,                   0,           0.0027543,           0.0027543,           0.0027543
                  64,            0.014137,           0.0054176,                   0,             0.98449,             0.97656,             0.99296,              0.7458,            0.014389,           0.0054453,                   0,           0.0027407,           0.0027407,           0.0027407
                  65,            0.016066,            0.005673,                   0,                   1,             0.96921,             0.99439,              0.7231,            0.015713,           0.0052776,                   0,           0.0027269,           0.0027269,           0.0027269
                  66,            0.014827,           0.0054794,                   0,             0.97726,             0.99185,             0.99438,             0.71961,            0.016565,           0.0052483,                   0,           0.0027129,           0.0027129,           0.0027129
                  67,            0.015284,           0.0056063,                   0,             0.98473,             0.99212,             0.99477,              0.7535,            0.014545,           0.0051295,                   0,           0.0026987,           0.0026987,           0.0026987
                  68,            0.014969,           0.0053413,                   0,             0.95542,             0.99231,             0.99264,             0.74491,            0.015267,           0.0057541,                   0,           0.0026844,           0.0026844,           0.0026844
                  69,            0.016004,           0.0056935,                   0,             0.99206,             0.96145,             0.99345,             0.76923,            0.013978,           0.0057355,                   0,             0.00267,             0.00267,             0.00267
                  70,             0.01555,           0.0054325,                   0,             0.96969,             0.98453,             0.99282,             0.76219,            0.013964,           0.0056156,                   0,           0.0026554,           0.0026554,           0.0026554
                  71,            0.014365,           0.0050888,                   0,             0.98427,             0.96923,             0.99349,             0.75599,            0.015563,            0.005732,                   0,           0.0026406,           0.0026406,           0.0026406
                  72,            0.013971,           0.0050193,                   0,              0.9699,              0.9914,             0.99377,             0.74731,            0.014576,           0.0054729,                   0,           0.0026257,           0.0026257,           0.0026257
                  73,            0.014461,           0.0054405,                   0,             0.98449,             0.99231,             0.99462,             0.75549,             0.01407,           0.0052473,                   0,           0.0026107,           0.0026107,           0.0026107
                  74,            0.013374,           0.0054028,                   0,              0.9921,             0.96923,             0.99388,             0.72944,            0.015933,           0.0055932,                   0,           0.0025955,           0.0025955,           0.0025955
                  75,             0.01408,            0.005236,                   0,                   1,             0.95373,              0.9935,             0.76615,            0.013778,           0.0057616,                   0,           0.0025801,           0.0025801,           0.0025801
                  76,            0.013033,           0.0050991,                   0,             0.96884,             0.96923,             0.99029,             0.71344,            0.016771,           0.0058891,                   0,           0.0025647,           0.0025647,           0.0025647
                  77,            0.014786,           0.0054048,                   0,             0.98394,             0.96923,              0.9926,             0.75061,             0.01374,           0.0056931,                   0,           0.0025491,           0.0025491,           0.0025491
                  78,            0.013977,           0.0050017,                   0,              0.9624,             0.98462,             0.99318,             0.73587,            0.014364,           0.0057214,                   0,           0.0025333,           0.0025333,           0.0025333
                  79,            0.014081,           0.0051166,                   0,             0.99087,             0.96154,             0.99287,             0.76555,            0.013646,           0.0060465,                   0,           0.0025175,           0.0025175,           0.0025175
                  80,            0.014291,           0.0051639,                   0,             0.96887,             0.96154,             0.99022,             0.75691,            0.014042,           0.0060948,                   0,           0.0025015,           0.0025015,           0.0025015
                  81,            0.012307,           0.0049577,                   0,             0.98363,             0.94615,             0.98998,             0.71519,            0.016264,           0.0063041,                   0,           0.0024854,           0.0024854,           0.0024854
                  82,            0.013525,             0.00527,                   0,             0.99205,             0.95934,             0.99307,             0.76624,            0.014112,           0.0057027,                   0,           0.0024691,           0.0024691,           0.0024691
                  83,             0.01289,           0.0051313,                   0,             0.96268,             0.99218,             0.99315,             0.73778,            0.014747,            0.005609,                   0,           0.0024528,           0.0024528,           0.0024528
                  84,            0.013188,            0.005052,                   0,             0.95553,             0.99175,             0.99264,             0.73351,            0.015176,           0.0057576,                   0,           0.0024363,           0.0024363,           0.0024363
                  85,            0.013397,           0.0051111,                   0,             0.99212,              0.9689,             0.99363,             0.74189,            0.015153,           0.0055701,                   0,           0.0024197,           0.0024197,           0.0024197
                  86,            0.013806,           0.0049037,                   0,             0.96991,             0.99231,             0.99377,             0.75837,            0.014436,           0.0053295,                   0,            0.002403,            0.002403,            0.002403
                  87,             0.01448,           0.0053414,                   0,             0.98436,             0.96847,             0.99327,             0.74953,            0.014644,           0.0056367,                   0,           0.0023862,           0.0023862,           0.0023862
                  88,             0.01303,           0.0049043,                   0,             0.96183,              0.9692,             0.99071,             0.75971,            0.014101,           0.0060058,                   0,           0.0023693,           0.0023693,           0.0023693
                  89,            0.012349,           0.0048191,                   0,             0.95273,             0.93025,             0.97928,             0.74448,             0.01503,            0.006535,                   0,           0.0023523,           0.0023523,           0.0023523
                  90,            0.012913,           0.0048411,                   0,             0.95469,             0.97692,             0.98961,             0.76069,            0.014005,           0.0061152,                   0,           0.0023352,           0.0023352,           0.0023352
                  91,            0.013185,            0.004855,                   0,             0.95508,             0.98462,             0.99151,             0.75689,            0.014619,           0.0060826,                   0,            0.002318,            0.002318,            0.002318
                  92,            0.012963,           0.0048783,                   0,             0.97668,             0.97692,             0.99206,             0.75044,            0.014299,           0.0059598,                   0,           0.0023008,           0.0023008,           0.0023008
                  93,            0.012996,           0.0048325,                   0,             0.98428,             0.98462,             0.99375,             0.72131,            0.016177,           0.0061204,                   0,           0.0022834,           0.0022834,           0.0022834
                  94,            0.012941,           0.0050538,                   0,              0.9767,             0.97692,             0.99261,             0.74377,            0.015271,           0.0057209,                   0,           0.0022659,           0.0022659,           0.0022659
                  95,            0.012373,           0.0048143,                   0,             0.96919,             0.98462,             0.99244,             0.74517,            0.014907,           0.0055992,                   0,           0.0022484,           0.0022484,           0.0022484
                  96,            0.012931,             0.00471,                   0,             0.97691,             0.97692,             0.99321,             0.74711,            0.014874,           0.0054879,                   0,           0.0022308,           0.0022308,           0.0022308
                  97,             0.01131,           0.0048561,                   0,             0.94745,             0.98462,             0.98971,             0.73022,            0.015773,           0.0059279,                   0,           0.0022131,           0.0022131,           0.0022131
                  98,            0.012028,            0.004627,                   0,             0.96155,             0.96923,             0.98943,             0.74246,            0.014494,           0.0059229,                   0,           0.0021953,           0.0021953,           0.0021953
                  99,            0.012257,           0.0047171,                   0,              0.9618,             0.96834,              0.9891,             0.73192,            0.014612,           0.0061649,                   0,           0.0021775,           0.0021775,           0.0021775
                 100,            0.012561,           0.0050604,                   0,             0.95504,             0.99231,             0.99199,               0.738,            0.014923,           0.0059474,                   0,           0.0021595,           0.0021595,           0.0021595
                 101,            0.013169,           0.0049392,                   0,             0.96268,             0.99224,             0.99282,             0.76598,            0.013859,           0.0056314,                   0,           0.0021416,           0.0021416,           0.0021416
                 102,            0.012425,           0.0050378,                   0,             0.96986,                   1,             0.99431,             0.76276,            0.014142,           0.0053099,                   0,           0.0021235,           0.0021235,           0.0021235
                 103,            0.012245,            0.004758,                   0,             0.98461,             0.98459,             0.99417,               0.757,            0.014792,            0.005229,                   0,           0.0021054,           0.0021054,           0.0021054
                 104,            0.011845,           0.0046444,                   0,             0.99227,             0.99231,             0.99469,             0.77704,            0.013343,           0.0050547,                   0,           0.0020873,           0.0020873,           0.0020873
                 105,            0.011459,           0.0047128,                   0,             0.99224,             0.98361,             0.99386,             0.76784,            0.014382,           0.0054111,                   0,           0.0020691,           0.0020691,           0.0020691
                 106,            0.011698,            0.004725,                   0,             0.96969,             0.98432,             0.99269,             0.74137,            0.014481,           0.0055587,                   0,           0.0020509,           0.0020509,           0.0020509
                 107,            0.011247,           0.0046048,                   0,             0.98425,             0.96118,             0.99296,             0.76855,            0.013862,           0.0055328,                   0,           0.0020326,           0.0020326,           0.0020326
                 108,             0.01223,           0.0047502,                   0,             0.95427,             0.97692,             0.99107,             0.76353,            0.013526,           0.0057743,                   0,           0.0020142,           0.0020142,           0.0020142
                 109,            0.011374,           0.0047061,                   0,             0.97601,             0.95385,             0.98897,             0.72609,            0.015454,           0.0061388,                   0,           0.0019959,           0.0019959,           0.0019959
                 110,            0.011463,            0.004696,                   0,             0.94748,             0.97692,             0.98956,             0.76103,            0.014846,           0.0061855,                   0,           0.0019775,           0.0019775,           0.0019775
                 111,              0.0119,           0.0048429,                   0,             0.97619,             0.96923,             0.99125,              0.7632,            0.014039,           0.0061455,                   0,            0.001959,            0.001959,            0.001959
                 112,            0.011493,           0.0045382,                   0,             0.99876,             0.95385,             0.99167,             0.75473,            0.014856,           0.0062308,                   0,           0.0019406,           0.0019406,           0.0019406
                 113,            0.010762,           0.0046135,                   0,             0.99179,             0.95385,              0.9912,              0.7613,            0.013978,            0.006132,                   0,           0.0019221,           0.0019221,           0.0019221
                 114,            0.011344,           0.0048493,                   0,               0.984,             0.94599,             0.98996,              0.7478,            0.015563,           0.0062232,                   0,           0.0019035,           0.0019035,           0.0019035
                 115,            0.010963,            0.004674,                   0,              0.9624,              0.9845,             0.99281,             0.76064,            0.015033,           0.0059299,                   0,            0.001885,            0.001885,            0.001885
                 116,             0.01132,            0.004741,                   0,             0.99965,             0.95385,             0.99323,             0.76659,            0.014207,           0.0057115,                   0,           0.0018665,           0.0018665,           0.0018665
                 117,            0.010941,           0.0044542,                   0,             0.96104,             0.95385,             0.99128,             0.75627,            0.014244,           0.0059417,                   0,           0.0018479,           0.0018479,           0.0018479
                 118,             0.01127,           0.0045372,                   0,             0.92805,              0.9922,             0.99025,             0.75805,            0.013608,           0.0060071,                   0,           0.0018293,           0.0018293,           0.0018293
                 119,            0.010733,           0.0042125,                   0,             0.97637,             0.95368,              0.9897,             0.75463,            0.014369,           0.0061256,                   0,           0.0018107,           0.0018107,           0.0018107
                 120,            0.010865,           0.0047526,                   0,             0.97656,             0.96148,             0.99071,             0.76063,            0.013519,            0.006282,                   0,           0.0017921,           0.0017921,           0.0017921
                 121,            0.010672,           0.0044313,                   0,              0.9485,             0.99179,              0.9916,             0.75206,            0.014871,           0.0061167,                   0,           0.0017736,           0.0017736,           0.0017736
                 122,            0.011061,           0.0043995,                   0,             0.94664,             0.96154,             0.98772,             0.74649,            0.014316,           0.0064343,                   0,            0.001755,            0.001755,            0.001755
                 123,            0.010562,            0.004281,                   0,             0.96874,             0.95341,             0.98992,             0.77057,            0.013986,            0.006285,                   0,           0.0017364,           0.0017364,           0.0017364
                 124,            0.010556,           0.0045015,                   0,             0.96834,             0.96154,             0.98898,             0.77386,             0.01411,           0.0062666,                   0,           0.0017178,           0.0017178,           0.0017178
                 125,            0.011814,           0.0045551,                   0,             0.96212,             0.97676,              0.9874,             0.77171,            0.013641,           0.0062321,                   0,           0.0016993,           0.0016993,           0.0016993
                 126,            0.010964,           0.0043707,                   0,             0.96234,             0.98462,             0.99056,             0.75541,            0.013834,           0.0058794,                   0,           0.0016807,           0.0016807,           0.0016807
                 127,            0.010294,            0.004307,                   0,             0.97656,             0.96132,              0.9883,             0.76211,            0.013723,            0.005798,                   0,           0.0016622,           0.0016622,           0.0016622
                 128,            0.010221,           0.0044823,                   0,             0.96152,             0.96923,             0.99165,             0.76369,             0.01395,           0.0058842,                   0,           0.0016437,           0.0016437,           0.0016437
                 129,            0.010451,           0.0043319,                   0,             0.98278,             0.93846,             0.98682,             0.74795,            0.014034,           0.0061891,                   0,           0.0016253,           0.0016253,           0.0016253
                 130,            0.010542,           0.0045411,                   0,             0.97426,             0.95385,              0.9868,              0.7503,             0.01405,           0.0059571,                   0,           0.0016068,           0.0016068,           0.0016068
                 131,            0.010782,           0.0044995,                   0,             0.97637,             0.95357,              0.9903,             0.77203,              0.0139,           0.0056341,                   0,           0.0015884,           0.0015884,           0.0015884
                 132,            0.010715,           0.0045623,                   0,             0.95546,             0.99231,             0.98998,             0.76358,            0.014376,           0.0056826,                   0,             0.00157,             0.00157,             0.00157
                 133,            0.010212,           0.0042857,                   0,             0.98413,             0.96154,             0.99045,              0.7496,            0.014573,           0.0055718,                   0,           0.0015517,           0.0015517,           0.0015517
                 134,           0.0098521,           0.0044947,                   0,             0.96268,               0.992,             0.99059,             0.76341,            0.013829,            0.005461,                   0,           0.0015334,           0.0015334,           0.0015334
                 135,            0.010518,           0.0042337,                   0,             0.97695,             0.99231,             0.99384,              0.7652,            0.014048,           0.0052321,                   0,           0.0015152,           0.0015152,           0.0015152
                 136,           0.0099979,           0.0045243,                   0,             0.98484,             0.99967,             0.99431,             0.75883,            0.014368,           0.0050751,                   0,            0.001497,            0.001497,            0.001497
                 137,           0.0099144,           0.0043122,                   0,             0.98448,                   1,             0.99439,             0.75794,            0.013799,           0.0050364,                   0,           0.0014788,           0.0014788,           0.0014788
                 138,           0.0097525,           0.0041717,                   0,             0.97724,                   1,             0.99438,             0.74885,            0.014646,           0.0051276,                   0,           0.0014607,           0.0014607,           0.0014607
                 139,            0.010167,           0.0042902,                   0,             0.96985,                   1,             0.99401,             0.77134,            0.013854,            0.005072,                   0,           0.0014427,           0.0014427,           0.0014427
                 140,            0.009925,           0.0043332,                   0,             0.95587,             0.99964,             0.99253,             0.77208,            0.013863,           0.0053403,                   0,           0.0014247,           0.0014247,           0.0014247
                 141,           0.0096984,           0.0041627,                   0,             0.94889,             0.99964,             0.99093,             0.75433,            0.014707,           0.0055461,                   0,           0.0014068,           0.0014068,           0.0014068
                 142,            0.010054,           0.0042403,                   0,              0.9489,             0.99982,             0.99164,             0.76357,            0.014394,           0.0056309,                   0,            0.001389,            0.001389,            0.001389
                 143,           0.0098675,           0.0041033,                   0,             0.94811,             0.98385,             0.98801,             0.77254,            0.013434,           0.0056605,                   0,           0.0013712,           0.0013712,           0.0013712
                 144,           0.0096367,           0.0042769,                   0,             0.92856,             0.99977,             0.98946,             0.76962,            0.014356,           0.0059088,                   0,           0.0013535,           0.0013535,           0.0013535
                 145,           0.0098398,           0.0040714,                   0,             0.94766,             0.97692,             0.98843,              0.7637,            0.013834,           0.0059536,                   0,           0.0013359,           0.0013359,           0.0013359
                 146,            0.010042,           0.0043324,                   0,             0.94177,                   1,             0.98988,             0.76462,            0.014499,           0.0056748,                   0,           0.0013183,           0.0013183,           0.0013183
                 147,           0.0097194,           0.0043997,                   0,              0.9624,             0.98454,              0.9909,              0.7643,            0.014004,           0.0056098,                   0,           0.0013009,           0.0013009,           0.0013009
                 148,           0.0095957,             0.00443,                   0,              0.9629,                   1,             0.99263,              0.7618,            0.014413,           0.0055853,                   0,           0.0012835,           0.0012835,           0.0012835
                 149,           0.0096349,           0.0043318,                   0,             0.94871,                   1,             0.99146,             0.76439,            0.014308,           0.0056681,                   0,           0.0012662,           0.0012662,           0.0012662
                 150,           0.0097319,           0.0043463,                   0,             0.94889,             0.99962,             0.99143,             0.76316,            0.014297,           0.0056206,                   0,            0.001249,            0.001249,            0.001249
                 151,            0.010023,           0.0045453,                   0,             0.95567,                   1,             0.99243,             0.76481,             0.01436,           0.0054077,                   0,           0.0012319,           0.0012319,           0.0012319
                 152,           0.0095083,           0.0040585,                   0,             0.93458,                   1,             0.98827,             0.75602,            0.014484,            0.005804,                   0,           0.0012149,           0.0012149,           0.0012149
                 153,           0.0096255,           0.0045312,                   0,              0.9547,                   1,              0.9908,             0.76293,            0.014154,           0.0056329,                   0,            0.001198,            0.001198,            0.001198
                 154,           0.0097494,           0.0042634,                   0,             0.96268,             0.99231,             0.99237,             0.76244,            0.014082,            0.005483,                   0,           0.0011812,           0.0011812,           0.0011812
                 155,           0.0096943,           0.0044111,                   0,             0.95569,                   1,               0.993,             0.77154,            0.013808,             0.00525,                   0,           0.0011645,           0.0011645,           0.0011645
                 156,           0.0097266,           0.0043546,                   0,             0.97736,                   1,             0.99385,             0.76237,             0.01451,            0.005158,                   0,           0.0011479,           0.0011479,           0.0011479
                 157,           0.0096091,           0.0042132,                   0,             0.96295,             0.99971,             0.99312,             0.76164,            0.014075,           0.0052732,                   0,           0.0011315,           0.0011315,           0.0011315
                 158,            0.009876,           0.0042088,                   0,             0.98357,             0.97692,             0.99194,             0.75936,            0.014396,           0.0053556,                   0,           0.0011151,           0.0011151,           0.0011151
                 159,           0.0094325,           0.0041685,                   0,             0.97727,             0.99219,             0.99352,             0.74243,            0.014579,           0.0051666,                   0,           0.0010989,           0.0010989,           0.0010989
                 160,            0.009196,           0.0041153,                   0,             0.96237,             0.99231,             0.99264,             0.74883,            0.014381,           0.0053594,                   0,           0.0010828,           0.0010828,           0.0010828
                 161,           0.0090936,             0.00407,                   0,             0.96162,             0.97692,             0.99036,             0.75606,            0.014383,           0.0056434,                   0,           0.0010668,           0.0010668,           0.0010668
                 162,           0.0094272,           0.0042645,                   0,              0.9618,             0.97692,             0.99056,             0.75117,            0.014287,           0.0058315,                   0,           0.0010509,           0.0010509,           0.0010509
                 163,           0.0093676,           0.0040217,                   0,             0.96946,             0.97668,             0.99039,             0.75227,            0.013683,             0.00567,                   0,           0.0010352,           0.0010352,           0.0010352
                 164,           0.0096831,           0.0041705,                   0,             0.97681,             0.98462,             0.99282,             0.75339,            0.014651,           0.0054598,                   0,           0.0010196,           0.0010196,           0.0010196
                 165,            0.009437,           0.0042135,                   0,             0.96268,             0.99206,             0.99224,             0.74553,            0.014705,           0.0056439,                   0,           0.0010041,           0.0010041,           0.0010041
                 166,           0.0093559,           0.0038823,                   0,             0.96927,             0.98462,             0.99156,             0.76295,            0.014066,           0.0056015,                   0,          0.00098876,          0.00098876,          0.00098876
                 167,           0.0093967,           0.0041211,                   0,             0.97691,             0.97652,             0.99194,             0.74151,            0.014789,            0.005589,                   0,          0.00097356,          0.00097356,          0.00097356
                 168,           0.0094556,           0.0042538,                   0,             0.97726,             0.99188,             0.99352,             0.76902,            0.014267,           0.0054529,                   0,          0.00095851,          0.00095851,          0.00095851
                 169,           0.0095062,           0.0041789,                   0,             0.97726,             0.99178,             0.99368,             0.76518,            0.014206,           0.0053726,                   0,           0.0009436,           0.0009436,           0.0009436
                 170,           0.0093625,           0.0041052,                   0,             0.96263,             0.99083,             0.99191,             0.76172,            0.014515,            0.005498,                   0,          0.00092885,          0.00092885,          0.00092885
                 171,           0.0091887,            0.004219,                   0,             0.94835,             0.99231,             0.99012,             0.74546,            0.014874,           0.0055019,                   0,          0.00091424,          0.00091424,          0.00091424
                 172,            0.009429,            0.004114,                   0,             0.93524,             0.99983,              0.9887,             0.76545,            0.014275,           0.0055414,                   0,          0.00089978,          0.00089978,          0.00089978
                 173,           0.0091734,           0.0041624,                   0,             0.98386,             0.98462,             0.99295,             0.76741,            0.014138,           0.0051477,                   0,          0.00088548,          0.00088548,          0.00088548
                 174,           0.0090051,           0.0041754,                   0,             0.97744,             0.99971,             0.99446,             0.75609,            0.014361,            0.005118,                   0,          0.00087134,          0.00087134,          0.00087134
                 175,           0.0092877,           0.0043062,                   0,             0.98444,             0.98462,             0.99399,             0.76003,            0.014279,           0.0051751,                   0,          0.00085736,          0.00085736,          0.00085736
                 176,           0.0091814,           0.0039639,                   0,             0.97636,             0.98462,             0.99218,             0.76785,            0.013683,           0.0054254,                   0,          0.00084354,          0.00084354,          0.00084354
                 177,           0.0094316,           0.0043695,                   0,             0.98423,             0.98462,             0.99236,             0.75476,            0.014637,           0.0054233,                   0,          0.00082989,          0.00082989,          0.00082989
                 178,           0.0091785,           0.0041265,                   0,             0.98461,             0.98436,             0.99362,             0.77147,            0.013641,           0.0052352,                   0,           0.0008164,           0.0008164,           0.0008164
                 179,           0.0090122,           0.0040267,                   0,             0.98455,             0.99231,             0.99454,             0.76628,            0.014127,           0.0051023,                   0,          0.00080309,          0.00080309,          0.00080309
                 180,           0.0092045,            0.004011,                   0,             0.98473,             0.99225,             0.99367,             0.76455,            0.013903,           0.0052872,                   0,          0.00078994,          0.00078994,          0.00078994
                 181,           0.0091424,           0.0041673,                   0,             0.97727,                   1,             0.99423,             0.76451,             0.01436,           0.0051545,                   0,          0.00077698,          0.00077698,          0.00077698
                 182,           0.0090862,           0.0039311,                   0,             0.98466,                   1,             0.99423,             0.76896,             0.01379,           0.0051157,                   0,          0.00076418,          0.00076418,          0.00076418
                 183,           0.0091035,           0.0039905,                   0,             0.97727,              0.9921,             0.99375,              0.7677,            0.013689,           0.0052011,                   0,          0.00075157,          0.00075157,          0.00075157
                 184,           0.0091056,           0.0040682,                   0,             0.96992,             0.99231,             0.99271,             0.75543,             0.01448,           0.0053568,                   0,          0.00073914,          0.00073914,          0.00073914
                 185,           0.0093669,           0.0043247,                   0,               0.977,             0.98462,             0.99361,             0.77222,            0.014005,            0.005244,                   0,          0.00072689,          0.00072689,          0.00072689
                 186,           0.0092784,           0.0042843,                   0,             0.95554,             0.99193,             0.99228,             0.76415,            0.014131,             0.00545,                   0,          0.00071483,          0.00071483,          0.00071483
                 187,           0.0091486,           0.0040129,                   0,               0.992,             0.97692,             0.99338,             0.76563,            0.014334,           0.0052759,                   0,          0.00070296,          0.00070296,          0.00070296
                 188,           0.0088303,           0.0040119,                   0,             0.98385,             0.98462,             0.99345,             0.76175,            0.014323,           0.0053823,                   0,          0.00069127,          0.00069127,          0.00069127
                 189,           0.0088669,           0.0040442,                   0,             0.97684,             0.99231,              0.9936,             0.77267,            0.013458,           0.0053706,                   0,          0.00067978,          0.00067978,          0.00067978
                 190,           0.0092061,           0.0041617,                   0,             0.98473,             0.99212,             0.99415,             0.76551,            0.014189,           0.0052253,                   0,          0.00066848,          0.00066848,          0.00066848
                 191,           0.0088051,           0.0039434,                   0,             0.98473,             0.99212,             0.99439,             0.76409,            0.014511,            0.005227,                   0,          0.00065737,          0.00065737,          0.00065737
                 192,           0.0087795,           0.0039906,                   0,             0.98449,             0.97692,             0.99344,             0.75845,            0.014621,           0.0053474,                   0,          0.00064647,          0.00064647,          0.00064647
                 193,           0.0088152,           0.0039518,                   0,             0.96217,             0.99231,             0.99183,             0.75989,            0.014457,           0.0054276,                   0,          0.00063576,          0.00063576,          0.00063576
                 194,           0.0088825,           0.0039858,                   0,             0.95457,             0.99231,              0.9911,             0.75608,            0.014391,           0.0055274,                   0,          0.00062526,          0.00062526,          0.00062526
                 195,           0.0087843,            0.004056,                   0,             0.97709,             0.98421,             0.99205,             0.75535,            0.014292,           0.0054076,                   0,          0.00061496,          0.00061496,          0.00061496
                 196,           0.0089408,           0.0041656,                   0,             0.97727,             0.99231,             0.99202,             0.76002,            0.014316,           0.0054461,                   0,          0.00060486,          0.00060486,          0.00060486
                 197,           0.0087641,           0.0040115,                   0,             0.97709,             0.98462,             0.99248,              0.7655,            0.013958,           0.0056024,                   0,          0.00059497,          0.00059497,          0.00059497
                 198,           0.0089531,           0.0040866,                   0,             0.96229,             0.98462,             0.99095,             0.77676,            0.013555,           0.0056276,                   0,          0.00058529,          0.00058529,          0.00058529
                 199,           0.0091034,           0.0041369,                   0,              0.9624,             0.98462,             0.99163,             0.75412,            0.013978,           0.0054324,                   0,          0.00057582,          0.00057582,          0.00057582
                 200,           0.0088972,           0.0040819,                   0,             0.96211,             0.97673,             0.99133,             0.76143,            0.013922,           0.0053802,                   0,          0.00056656,          0.00056656,          0.00056656
                 201,           0.0088926,            0.004043,                   0,             0.98417,             0.96154,             0.99151,             0.75672,            0.014029,           0.0054238,                   0,          0.00055751,          0.00055751,          0.00055751
                 202,           0.0089176,           0.0039115,                   0,             0.95519,             0.98462,             0.99047,             0.76976,            0.013962,           0.0055358,                   0,          0.00054868,          0.00054868,          0.00054868
                 203,           0.0087458,           0.0039682,                   0,             0.95522,             0.98456,             0.98979,             0.75407,            0.014215,           0.0057119,                   0,          0.00054007,          0.00054007,          0.00054007
                 204,           0.0089381,           0.0041115,                   0,             0.96937,             0.97692,              0.9886,             0.76255,            0.014346,           0.0057443,                   0,          0.00053167,          0.00053167,          0.00053167
